,Pregnancies,Glucose,BloodPressure,SkinThickness,Insulin,BMI,DiabetesPedigreeFunction,Age,Outcome
count,572.0,567.0,537.0,345.0,198.0,561.0,572.0,572.0,572.0
mean,4.106643356643357,121.64726631393297,73.15083798882682,29.356521739130436,156.93434343434345,32.32762923351159,0.4591206293706294,34.04370629370629,0.3583916083916084
std,3.446995380696677,30.1320841783425,12.347183959180237,10.433503144511523,119.06693392217525,6.735436902108632,0.3361242855485232,12.103892597493546,0.47994767716817305
min,0.0,44.0,30.0,7.0,16.0,18.2,0.078,21.0,0.0
25%,1.0,100.0,65.0,22.0,77.5,27.5,0.236,24.0,0.0
50%,3.0,117.0,72.0,30.0,129.5,32.0,0.3445,30.0,0.0
75%,6.0,140.0,80.0,36.0,185.0,36.6,0.6054999999999999,41.0,1.0
max,17.0,199.0,122.0,99.0,744.0,57.3,2.329,81.0,1.0
